Kd,uM
1,2.260099759770337
2,3.854817345287299
3,6.157158784527993
4,8.305498077408313
5,9.74187237355552
6,18.693340640360542
7,3.2236591540032085
