Kd,uM
1,2.8182533106500203
2,8.155202955388527
3,14.37425838040534
4,18.29617641160203
5,23.324647430786023
6,25.27111060749416
7,8.217389087167259
