Kd,uM
1,3.1724085270848175
2,5.129615892592025
3,8.600903168277844
4,214.23576383837482
5,0.8111462745429449
6,126.1795185475931
7,1.2340115535974314
