Kd,uM
1,473.08217252532535
2,0.029613282311941175
3,7.9618355314416
4,12.006767183126351
5,19.239137084103195
6,23.03685027512437
7,6.41851044653719
