Kd,uM
1,2.2592334650537476
2,3.3300253778733775
3,7.086162499403279
4,12.912550967811299
5,14.649848077017731
6,23.857331015236966
7,4.27978609312119
