Kd,uM
1,1362.4850439922436
2,0.002890700241604254
3,3.523004024615595
4,6.685444040433559
5,9.570434345232357
6,20.321679661529437
7,3.1832094435614615
